LEHNE Klaus-Heiner :: Presidente - Germania PPE - klaus-heiner.lehne@europarl.europa.eu -  http://www.kh-lehne.de 
	
BERLINGUER Luigi :: Vicepresidente - Italia SD - luigi.berlinguer@europarl.europa.eu	
	
BALDASSARRE Raffaele :: Vicepresidente - Italia PPE - raffaele.baldassarre@europarl.europa.eu	
	
REGNER Evelyn :: Vicepresidente - Austria SD - 	evelyn.regner@europarl.europa.eu -  http://www.evelyn-regner.at 
	
BODU Sebastian Valentin :: Vicepresidente - Romania PPE - sebastianvalentin.bodu@europarl.europa.eu - 	 http://www.sebastianbodu.wordpress.com 
	
ANTONIOZZI Alfredo :: Membro - Italia PPE - alfredo.antoniozzi@europarl.europa.eu	
	
CASTEX Françoise :: Membro - Francia SD - francoise.castex@europarl.europa.eu -  http://www.francoisecastex.org 	
	
ENGSTRÖM Christian :: Membro - Svezia Verdi - christian.engstroem@europarl.europa.eu	
	
GALLO Marielle :: Membro - Francia PPE - marielle.gallo@europarl.europa.eu	
	
GERINGER de OEDENBERG Lidia Joanna :: Membro - Polonia SD - lidiajoanna.geringerdeoedenberg@europarl.europa.eu -  http://www.lgeringer.pl	
	
HÄFNER Gerald :: Membro - Germania Verdi - gerald.haefner@europarl.europa.eu	
	
KAMALL Syed :: Membro - UK ECR - syed.kamall@europarl.europa.eu -  http://www.syedkamall.com	
	
LÓPEZ-ISTÚRIZ WHITE Antonio :: Membro - Spagna PPE - antonio.lopezisturiz@europarl.europa.eu	
	
MASIP HIDALGO Antonio :: Membro - Spagna SD - antonio.masiphidalgo@europarl.europa.eu -  http://www.antoniomasipeuropa.blogspot.com	
	
MAŠTÁLKA Jirí :: Membro - R. Ceka GUE - jiri.mastalka@europarl.europa.eu	
	
MÉSZÁROS Alajos :: Membro - Slovacchia PPE - alajos.meszaros@europarl.europa.eu -  http://www.meszarosalajos.sk	
	
RAPKAY Bernhard :: Membro - Germania SD - bernhard.rapkay@europarl.europa.eu - 	 http://www.rapkay.de 
	
SPERONI Francesco Enrico :: Membro - Italia EFD - francescoenrico.speroni@europarl.europa.eu	
	
STOYANOV Dimitar :: Membro - Bulgaria NI - dimitar.stoyanov@europarl.europa.eu -  http://www.ataka.bg	
	
THEIN Alexandra :: Membro - Germania ALDE - alexandra.thein@europarl.europa.eu -  http://www.alexandra-thein.de	
	
WALLIS Diana :: Membro - UK ALDE - diana.wallis@europarl.europa.eu -  http://www.dianawallismep.org.uk
	
WIELAND Rainer :: Membro - Germania PPE - rainer.wieland@europarl.europa.eu -  http://www.mdep.de	
	
WIKSTRÖM Cecilia :: Membro - Svezia ALDE - cecilia.wikstrom@europarl.europa.eu -  http://www.folkpartiet.se/wikstrom	
	
ZIOBRO Zbigniew :: Membro - Polonia ECR - zbigniew.ziobro@europarl.europa.eu - 	 http://zbigniewziobro.pl
	
ZWIEFKA Tadeusz :: Membro - Polonia PPE - tadeusz.zwiefka@europarl.europa.eu	
	
ALBRECHT Jan Philipp :: Membro sostituto - Germania Verdi - jan.albrecht@europarl.europa.eu -  http://www.janalbrecht.eu 	
	
BARTOLOZZI Paolo :: Membro sostituto - Italia PPE - paolo.bartolozzi@europarl.europa.eu -  http://www.paolobartolozzi.it 	
	
BATTEN Gerard :: Membro sostituto - UK EFD - gerard.batten@europarl.europa.eu	
	
BORYS Piotr :: Membro sostituto - Polonia PPE - piotr.borys@europarl.europa.eu -  http://www.piotrborys.pl	
	
BOWLES, Sharon :: Membro sostituto - UK ALDE - sharon.bowles@europarl.europa.eu -  http://www.sharonbowles.org.uk	
	
CAVADA Jean-Marie :: Membro sostituto - Francia PPE - jean-marie.cavada@europarl.europa.eu -  http://www.jeanmariecavada.eu 	
	
COFFERATI Sergio Gaetano :: Membro sostituto - Italia SD - sergio.cofferati@europarl.europa.eu -  http://www.sergiocofferati.eu/	
	
CROWLEY Brian :: Membro sostituto - Iralanda ALDE - brian.crowley@europarl.europa.eu -  http://www.briancrowleymep.ie 	
	
de GRANDES PASCUAL Luis :: Membro sostituto - Spagna PPE - luis.degrandespascual@europarl.europa.eu	
	
HOARAU Elie :: Membro sostituto - Francia GUE - elie.hoarau@europarl.europa.eu	
	
HONEYBALL Mary :: Membro sostituto - UK SD - mary.honeyball@europarl.europa.eu	
	
KARIM Sajjad :: Membro sostituto - UK ECR - sajjad.karim@europarl.europa.eu - http://www.sajjadkarim.eu
	
KOŽUŠNÍK Edvard :: Membro sostituto - R. Ceka ECR - edvard.kozusnik@europarl.europa.eu - http://www.kozusnik.eu 
	
LANDSBERGIS Vytautas :: Membro sostituto - Lituania PPE - vytautas.landsbergis@europarl.europa.eu -  http://www.landsbergis.lt
	
LECHNER Kurt :: Membro sostituto - Germania PPE - kurt.lechner@europarl.europa.eu -  http://www.kurt-lechner.eu 
	
LE PEN Jean-Marie :: Membro sostituto - Francia NI - jean-marie.lepen@europarl.europa.eu
	
LICHTENBERGER Eva :: Membro sostituto - Austria Verdi - eva.lichtenberger@europarl.europa.eu - eva-lichtenberger.eu 
	
LÓPEZ AGUILAR Juan Fernando :: Membro sostituto - Spagna SD - juanfernando.lopezaguilar@europarl.europa.eu	
	
McCARTHY Arlene :: Membro sostituto - UK SD - arlene.mccarthy@europarl.europa.eu - http://www.arlenemccarthy.labour.co.uk 
	
MANDERS Toine :: Membro sostituto - NL ALDE - toine.manders@europarl.europa.eu - http://www.toinemanders.nl 	
	
NIEBLER Angelika :: Membro sostituto - Germania PPE - angelika.niebler@europarl.europa.eu - http://www.angelika-niebler.de 
	
RANGEL Paulo :: Membro sostituto - Portogallo PPE - paulo.rangel@europarl.europa.eu	
	
ROTH-BEHRENDT Dagmar :: Membro sostituto - Germania SD - dagmar.roth-behrendt@europarl.europa.eu - http://www.dagmarrothbehrendt.de	
	
SZÁJER József :: Membro sostituto - Ungheria PPE - jozsef.szajer@europarl.europa.eu - http://www.szajer.eppfrakcio.hu
	
WEBER Henri :: Membro sostituto - Francia Sd - henri.weber@europarl.europa.eu -  http://www.henriweber.eu